team,date,opponent,goals_scored,goals_conceded,result,tournament,venue
"Canada","2026-06-05","Republic of Ireland",1,1,D,"Friendly","Home"
"Canada","2026-06-01","Uzbekistan",2,0,W,"Friendly","Home"
"Canada","2026-03-31","Tunisia",0,0,D,"Friendly","Home"
"Canada","2026-03-28","Iceland",2,2,D,"Friendly","Home"
"Canada","2025-11-18","Venezuela",2,0,W,"Friendly","Home"
"Canada","2025-11-13","Ecuador",0,0,D,"Friendly","Home"
"Canada","2025-10-14","Colombia",0,0,D,"Friendly","Home"
"Canada","2025-10-10","Australia",0,1,L,"Friendly","Home"
"Canada","2025-09-09","Wales",1,0,W,"Friendly","Away"
"Canada","2025-09-05","Romania",3,0,W,"Friendly","Away"
"Canada","2025-06-29","Guatemala",1,1,D,"Gold Cup","Home"
"Canada","2025-06-24","El Salvador",2,0,W,"Gold Cup","Home"
"Canada","2025-06-21","Curaçao",1,1,D,"Gold Cup","Away"
"Canada","2025-06-17","Honduras",6,0,W,"Gold Cup","Home"
"Canada","2025-06-10","Ivory Coast",0,0,D,"Canadian Shield","Home"
"Mexico","2026-06-04","Serbia",5,1,W,"Friendly","Home"
"Mexico","2026-05-30","Australia",1,0,W,"Friendly","Home"
"Mexico","2026-05-22","Ghana",2,0,W,"Friendly","Home"
"Mexico","2026-03-31","Belgium",1,1,D,"Friendly","Home"
"Mexico","2026-03-28","Portugal",0,0,D,"Friendly","Home"
"Mexico","2026-02-25","Iceland",4,0,W,"Friendly","Home"
"Mexico","2026-01-25","Bolivia",1,0,W,"Friendly","Away"
"Mexico","2026-01-22","Panama",1,0,W,"Friendly","Away"
"Mexico","2025-11-18","Paraguay",1,2,L,"Friendly","Home"
"Mexico","2025-11-15","Uruguay",0,0,D,"Friendly","Home"
"Mexico","2025-10-14","Ecuador",1,1,D,"Friendly","Home"
"Mexico","2025-10-11","Colombia",0,4,L,"Friendly","Home"
"Mexico","2025-09-09","South Korea",2,2,D,"Friendly","Home"
"Mexico","2025-09-06","Japan",0,0,D,"Friendly","Home"
"Mexico","2025-07-06","United States",2,1,W,"Gold Cup","Away"
"United States","2026-06-06","Germany",1,2,L,"Friendly","Home"
"United States","2026-05-31","Senegal",3,2,W,"Friendly","Home"
"United States","2026-03-31","Portugal",0,2,L,"Friendly","Home"
"United States","2026-03-28","Belgium",2,5,L,"Friendly","Home"
"United States","2025-11-18","Uruguay",5,1,W,"Friendly","Home"
"United States","2025-11-15","Paraguay",2,1,W,"Friendly","Home"
"United States","2025-10-14","Australia",2,1,W,"Friendly","Home"
"United States","2025-10-10","Ecuador",1,1,D,"Friendly","Home"
"United States","2025-09-09","Japan",2,0,W,"Friendly","Home"
"United States","2025-09-06","South Korea",0,2,L,"Friendly","Home"
"United States","2025-07-06","Mexico",1,2,L,"Gold Cup","Home"
"United States","2025-07-02","Guatemala",2,1,W,"Gold Cup","Home"
"United States","2025-06-29","Costa Rica",2,2,D,"Gold Cup","Home"
"United States","2025-06-22","Haiti",2,1,W,"Gold Cup","Home"
"United States","2025-06-19","Saudi Arabia",1,0,W,"Gold Cup","Home"
"Australia","2026-06-06","Switzerland",1,1,D,"Friendly","Home"
"Australia","2026-05-30","Mexico",0,1,L,"Friendly","Away"
"Australia","2026-03-31","Curaçao",5,1,W,"FIFA Series","Home"
"Australia","2026-03-27","Cameroon",1,0,W,"FIFA Series","Home"
"Australia","2025-11-18","Colombia",0,3,L,"Friendly","Away"
"Australia","2025-11-14","Venezuela",0,1,L,"Friendly","Home"
"Australia","2025-10-14","United States",1,2,L,"Friendly","Away"
"Australia","2025-10-10","Canada",1,0,W,"Friendly","Away"
"Australia","2025-09-09","New Zealand",3,1,W,"Soccer Ashes","Away"
"Australia","2025-09-05","New Zealand",1,0,W,"Soccer Ashes","Home"
"Australia","2025-06-10","Saudi Arabia",2,1,W,"FIFA World Cup qualification","Away"
"Australia","2025-06-05","Japan",1,0,W,"FIFA World Cup qualification","Home"
"Australia","2025-03-25","China",2,0,W,"FIFA World Cup qualification","Away"
"Australia","2025-03-20","Indonesia",5,1,W,"FIFA World Cup qualification","Home"
"Australia","2024-11-19","Bahrain",2,2,D,"FIFA World Cup qualification","Away"
"Iraq","2026-06-09","Venezuela",0,2,L,"Friendly","Home"
"Iraq","2026-06-04","Spain",1,1,D,"Friendly","Away"
"Iraq","2026-05-29","Andorra",1,0,W,"Friendly","Away"
"Iraq","2026-03-31","Bolivia",2,1,W,"FIFA World Cup qualification","Home"
"Iraq","2025-12-12","Jordan",0,1,L,"Arab Cup","Away"
"Iraq","2025-12-09","Algeria",0,2,L,"Arab Cup","Away"
"Iraq","2025-12-06","Sudan",2,0,W,"Arab Cup","Away"
"Iraq","2025-12-03","Bahrain",2,1,W,"Arab Cup","Home"
"Iraq","2025-11-18","United Arab Emirates",2,1,W,"FIFA World Cup qualification","Home"
"Iraq","2025-11-13","United Arab Emirates",1,1,D,"FIFA World Cup qualification","Away"
"Iraq","2025-10-14","Saudi Arabia",0,0,D,"FIFA World Cup qualification","Away"
"Iraq","2025-10-11","Indonesia",1,0,W,"FIFA World Cup qualification","Home"
"Iraq","2025-09-07","Thailand",1,0,W,"King's Cup","Away"
"Iraq","2025-09-04","Hong Kong",2,1,W,"King's Cup","Home"
"Iraq","2025-06-10","Jordan",1,0,W,"FIFA World Cup qualification","Away"
"Iran","2026-06-04","Mali",2,0,W,"Friendly","Home"
"Iran","2026-05-29","Gambia",3,1,W,"Friendly","Home"
"Iran","2026-03-31","Costa Rica",5,0,W,"Friendly","Away"
"Iran","2026-03-27","Nigeria",1,2,L,"Friendly","Home"
"Iran","2025-11-18","Uzbekistan",0,0,D,"Al Ain International Cup","Home"
"Iran","2025-11-13","Cabo Verde",0,0,D,"Al Ain International Cup","Home"
"Iran","2025-10-14","Tanzania",2,0,W,"Friendly","Home"
"Iran","2025-10-10","Russia",1,2,L,"Friendly","Away"
"Iran","2025-06-10","North Korea",3,0,W,"FIFA World Cup qualification","Home"
"Iran","2025-06-05","Qatar",0,1,L,"FIFA World Cup qualification","Away"
"Iran","2025-03-25","Uzbekistan",2,2,D,"FIFA World Cup qualification","Home"
"Iran","2025-03-20","United Arab Emirates",2,0,W,"FIFA World Cup qualification","Home"
"Iran","2024-11-19","Kyrgyzstan",3,2,W,"FIFA World Cup qualification","Away"
"Iran","2024-11-14","North Korea",3,2,W,"FIFA World Cup qualification","Away"
"Iran","2024-10-15","Qatar",4,1,W,"FIFA World Cup qualification","Home"
"Japan","2026-05-31","Iceland",1,0,W,"Friendly","Home"
"Japan","2026-03-31","England",1,0,W,"Friendly","Away"
"Japan","2026-03-28","Scotland",1,0,W,"Friendly","Away"
"Japan","2025-11-18","Bolivia",3,0,W,"Kirin Cup","Home"
"Japan","2025-11-14","Ghana",2,0,W,"Kirin Cup","Home"
"Japan","2025-10-14","Brazil",3,2,W,"Kirin Cup","Home"
"Japan","2025-10-10","Paraguay",2,2,D,"Kirin Cup","Home"
"Japan","2025-09-09","United States",0,2,L,"Friendly","Away"
"Japan","2025-09-06","Mexico",0,0,D,"Friendly","Away"
"Japan","2025-06-10","Indonesia",6,0,W,"FIFA World Cup qualification","Home"
"Japan","2025-06-05","Australia",0,1,L,"FIFA World Cup qualification","Away"
"Japan","2025-03-25","Saudi Arabia",0,0,D,"FIFA World Cup qualification","Home"
"Japan","2025-03-20","Bahrain",2,0,W,"FIFA World Cup qualification","Home"
"Japan","2024-11-19","China",3,1,W,"FIFA World Cup qualification","Away"
"Japan","2024-11-15","Indonesia",4,0,W,"FIFA World Cup qualification","Away"
"Jordan","2026-06-07","Colombia",0,2,L,"Friendly","Home"
"Jordan","2026-05-31","Switzerland",1,4,L,"Friendly","Away"
"Jordan","2026-03-31","Nigeria",2,2,D,"Friendly","Home"
"Jordan","2026-03-27","Costa Rica",2,2,D,"Friendly","Away"
"Jordan","2025-12-18","Morocco",2,3,L,"Arab Cup","Home"
"Jordan","2025-12-15","Saudi Arabia",1,0,W,"Arab Cup","Away"
"Jordan","2025-12-12","Iraq",1,0,W,"Arab Cup","Home"
"Jordan","2025-12-09","Egypt",3,0,W,"Arab Cup","Away"
"Jordan","2025-12-06","Kuwait",3,1,W,"Arab Cup","Away"
"Jordan","2025-12-03","United Arab Emirates",2,1,W,"Arab Cup","Home"
"Jordan","2025-11-18","Mali",2,3,L,"Friendly","Away"
"Jordan","2025-11-14","Tunisia",2,3,L,"Friendly","Away"
"Jordan","2025-10-14","Albania",2,4,L,"Friendly","Away"
"Jordan","2025-10-10","Bolivia",0,1,L,"Friendly","Home"
"Jordan","2025-09-09","Dominican Republic",3,0,W,"Friendly","Home"
"South Korea","2026-06-03","El Salvador",1,0,W,"Friendly","Home"
"South Korea","2026-05-30","Trinidad and Tobago",5,0,W,"Friendly","Home"
"South Korea","2026-03-31","Austria",0,1,L,"Friendly","Away"
"South Korea","2026-03-28","Ivory Coast",0,4,L,"Friendly","Away"
"South Korea","2025-11-18","Ghana",1,0,W,"Friendly","Home"
"South Korea","2025-11-14","Bolivia",2,0,W,"Friendly","Home"
"South Korea","2025-10-14","Paraguay",2,0,W,"Friendly","Home"
"South Korea","2025-10-10","Brazil",0,5,L,"Friendly","Home"
"South Korea","2025-09-09","Mexico",2,2,D,"Friendly","Away"
"South Korea","2025-09-06","United States",2,0,W,"Friendly","Away"
"South Korea","2025-06-10","Kuwait",4,0,W,"FIFA World Cup qualification","Home"
"South Korea","2025-06-05","Iraq",2,0,W,"FIFA World Cup qualification","Away"
"South Korea","2025-03-25","Jordan",1,1,D,"FIFA World Cup qualification","Home"
"South Korea","2025-03-20","Oman",1,1,D,"FIFA World Cup qualification","Home"
"South Korea","2024-11-19","Palestine",1,1,D,"FIFA World Cup qualification","Away"
"Qatar","2026-06-06","El Salvador",0,0,D,"Friendly","Home"
"Qatar","2026-05-28","Republic of Ireland",0,1,L,"Friendly","Away"
"Qatar","2025-12-07","Tunisia",0,3,L,"Arab Cup","Home"
"Qatar","2025-12-04","Syria",1,1,D,"Arab Cup","Home"
"Qatar","2025-12-01","Palestine",0,1,L,"Arab Cup","Home"
"Qatar","2025-11-17","Zimbabwe",1,2,L,"Friendly","Home"
"Qatar","2025-10-14","United Arab Emirates",2,1,W,"FIFA World Cup qualification","Home"
"Qatar","2025-10-08","Oman",0,0,D,"FIFA World Cup qualification","Home"
"Qatar","2025-09-07","Russia",1,4,L,"Friendly","Home"
"Qatar","2025-09-03","Bahrain",2,2,D,"Friendly","Home"
"Qatar","2025-08-24","Lebanon",2,2,D,"Friendly","Home"
"Qatar","2025-06-10","Uzbekistan",0,3,L,"FIFA World Cup qualification","Away"
"Qatar","2025-06-05","Iran",1,0,W,"FIFA World Cup qualification","Home"
"Qatar","2025-03-25","Kyrgyzstan",1,3,L,"FIFA World Cup qualification","Away"
"Qatar","2025-03-20","North Korea",5,1,W,"FIFA World Cup qualification","Home"
"Saudi Arabia","2026-06-09","Senegal",0,0,D,"Friendly","Home"
"Saudi Arabia","2026-06-05","Puerto Rico",3,0,W,"Friendly","Away"
"Saudi Arabia","2026-05-30","Ecuador",1,2,L,"Friendly","Away"
"Saudi Arabia","2026-03-31","Serbia",1,2,L,"Friendly","Away"
"Saudi Arabia","2026-03-27","Egypt",0,4,L,"Friendly","Home"
"Saudi Arabia","2025-12-15","Jordan",0,1,L,"Arab Cup","Home"
"Saudi Arabia","2025-12-11","Palestine",2,1,W,"Arab Cup","Away"
"Saudi Arabia","2025-12-08","Morocco",0,1,L,"Arab Cup","Away"
"Saudi Arabia","2025-12-05","Comoros",3,1,W,"Arab Cup","Away"
"Saudi Arabia","2025-12-02","Oman",2,1,W,"Arab Cup","Home"
"Saudi Arabia","2025-11-18","Algeria",0,2,L,"Friendly","Home"
"Saudi Arabia","2025-11-14","Ivory Coast",1,0,W,"Friendly","Home"
"Saudi Arabia","2025-10-14","Iraq",0,0,D,"FIFA World Cup qualification","Home"
"Saudi Arabia","2025-10-08","Indonesia",3,2,W,"FIFA World Cup qualification","Home"
"Saudi Arabia","2025-09-08","Czech Republic",1,1,D,"Friendly","Away"
"Uzbekistan","2026-06-08","Netherlands",1,2,L,"Friendly","Away"
"Uzbekistan","2026-06-01","Canada",0,2,L,"Friendly","Away"
"Uzbekistan","2026-03-30","Venezuela",0,0,D,"FIFA Series","Home"
"Uzbekistan","2026-03-27","Gabon",3,1,W,"FIFA Series","Home"
"Uzbekistan","2026-01-26","China",2,2,D,"Friendly","Home"
"Uzbekistan","2025-11-18","Iran",0,0,D,"Al Ain International Cup","Away"
"Uzbekistan","2025-11-14","Egypt",2,0,W,"Al Ain International Cup","Home"
"Uzbekistan","2025-10-13","Uruguay",1,2,L,"Friendly","Home"
"Uzbekistan","2025-10-10","Kuwait",2,0,W,"Friendly","Home"
"Uzbekistan","2025-06-10","Qatar",3,0,W,"FIFA World Cup qualification","Home"
"Uzbekistan","2025-06-05","United Arab Emirates",0,0,D,"FIFA World Cup qualification","Away"
"Uzbekistan","2025-03-25","Iran",2,2,D,"FIFA World Cup qualification","Away"
"Uzbekistan","2025-03-20","Kyrgyzstan",1,0,W,"FIFA World Cup qualification","Home"
"Uzbekistan","2025-01-22","Jordan",0,0,D,"Friendly","Home"
"Uzbekistan","2024-11-19","North Korea",1,0,W,"FIFA World Cup qualification","Away"
"Algeria","2026-06-10","Bolivia",4,0,W,"Friendly","Away"
"Algeria","2026-06-03","Netherlands",1,0,W,"Friendly","Away"
"Algeria","2026-03-31","Uruguay",0,0,D,"Friendly","Home"
"Algeria","2026-03-27","Guatemala",7,0,W,"Friendly","Home"
"Algeria","2026-01-10","Nigeria",0,2,L,"African Cup of Nations","Home"
"Algeria","2026-01-06","DR Congo",1,0,W,"African Cup of Nations","Home"
"Algeria","2025-12-31","Equatorial Guinea",3,1,W,"African Cup of Nations","Away"
"Algeria","2025-12-28","Burkina Faso",1,0,W,"African Cup of Nations","Home"
"Algeria","2025-12-24","Sudan",3,0,W,"African Cup of Nations","Home"
"Algeria","2025-12-12","United Arab Emirates",1,1,D,"Arab Cup","Home"
"Algeria","2025-12-09","Iraq",2,0,W,"Arab Cup","Home"
"Algeria","2025-12-06","Bahrain",5,1,W,"Arab Cup","Away"
"Algeria","2025-12-03","Sudan",0,0,D,"Arab Cup","Home"
"Algeria","2025-11-18","Saudi Arabia",2,0,W,"Friendly","Away"
"Algeria","2025-11-13","Zimbabwe",3,1,W,"Friendly","Home"
"Cabo Verde","2026-06-06","Bermuda",0,3,L,"Friendly","Away"
"Cabo Verde","2026-05-31","Serbia",3,0,W,"Friendly","Home"
"Cabo Verde","2026-03-30","Finland",1,1,D,"FIFA Series","Home"
"Cabo Verde","2026-03-27","Chile",2,4,L,"FIFA Series","Away"
"Cabo Verde","2025-11-17","Egypt",1,1,D,"Al Ain International Cup","Home"
"Cabo Verde","2025-11-13","Iran",0,0,D,"Al Ain International Cup","Away"
"Cabo Verde","2025-10-13","Eswatini",3,0,W,"FIFA World Cup qualification","Home"
"Cabo Verde","2025-10-08","Libya",3,3,D,"FIFA World Cup qualification","Away"
"Cabo Verde","2025-09-09","Cameroon",1,0,W,"FIFA World Cup qualification","Home"
"Cabo Verde","2025-09-04","Mauritius",2,0,W,"FIFA World Cup qualification","Away"
"Cabo Verde","2025-06-08","Georgia",1,1,D,"Friendly","Away"
"Cabo Verde","2025-06-03","Malaysia",3,0,W,"Friendly","Away"
"Cabo Verde","2025-05-29","Malaysia",1,1,D,"Friendly","Away"
"Cabo Verde","2025-03-25","Angola",2,1,W,"FIFA World Cup qualification","Away"
"Cabo Verde","2025-03-20","Mauritius",1,0,W,"FIFA World Cup qualification","Home"
"DR Congo","2026-06-09","Chile",1,2,L,"Friendly","Home"
"DR Congo","2026-06-03","Denmark",0,0,D,"Friendly","Home"
"DR Congo","2026-03-31","Jamaica",1,0,W,"FIFA World Cup qualification","Home"
"DR Congo","2026-03-25","Bermuda",2,0,W,"Friendly","Away"
"DR Congo","2026-01-06","Algeria",0,1,L,"African Cup of Nations","Away"
"DR Congo","2025-12-30","Botswana",3,0,W,"African Cup of Nations","Away"
"DR Congo","2025-12-27","Senegal",1,1,D,"African Cup of Nations","Away"
"DR Congo","2025-12-23","Benin",1,0,W,"African Cup of Nations","Home"
"DR Congo","2025-11-16","Nigeria",1,1,D,"FIFA World Cup qualification","Away"
"DR Congo","2025-11-13","Cameroon",1,0,W,"FIFA World Cup qualification","Away"
"DR Congo","2025-10-14","Sudan",1,0,W,"FIFA World Cup qualification","Home"
"DR Congo","2025-10-10","Togo",1,0,W,"FIFA World Cup qualification","Away"
"DR Congo","2025-09-09","Senegal",2,3,L,"FIFA World Cup qualification","Home"
"DR Congo","2025-09-05","South Sudan",4,1,W,"FIFA World Cup qualification","Away"
"DR Congo","2025-06-08","Madagascar",3,1,W,"Friendly","Home"
"Ivory Coast","2026-06-04","France",2,1,W,"Friendly","Away"
"Ivory Coast","2026-03-31","Scotland",1,0,W,"Friendly","Home"
"Ivory Coast","2026-03-28","South Korea",4,0,W,"Friendly","Home"
"Ivory Coast","2026-01-10","Egypt",2,3,L,"African Cup of Nations","Away"
"Ivory Coast","2026-01-06","Burkina Faso",3,0,W,"African Cup of Nations","Home"
"Ivory Coast","2025-12-31","Gabon",3,2,W,"African Cup of Nations","Away"
"Ivory Coast","2025-12-28","Cameroon",1,1,D,"African Cup of Nations","Home"
"Ivory Coast","2025-12-24","Mozambique",1,0,W,"African Cup of Nations","Home"
"Ivory Coast","2025-11-18","Oman",2,0,W,"Friendly","Away"
"Ivory Coast","2025-11-14","Saudi Arabia",0,1,L,"Friendly","Away"
"Ivory Coast","2025-10-14","Kenya",3,0,W,"FIFA World Cup qualification","Home"
"Ivory Coast","2025-10-10","Seychelles",7,0,W,"FIFA World Cup qualification","Away"
"Ivory Coast","2025-09-09","Gabon",0,0,D,"FIFA World Cup qualification","Away"
"Ivory Coast","2025-09-05","Burundi",1,0,W,"FIFA World Cup qualification","Home"
"Ivory Coast","2025-06-10","Canada",0,0,D,"Canadian Shield","Away"
"Egypt","2026-06-06","Brazil",1,2,L,"Friendly","Away"
"Egypt","2026-05-28","Russia",1,0,W,"Friendly","Home"
"Egypt","2026-03-31","Spain",0,0,D,"Friendly","Away"
"Egypt","2026-03-27","Saudi Arabia",4,0,W,"Friendly","Away"
"Egypt","2026-01-17","Nigeria",0,0,D,"African Cup of Nations","Home"
"Egypt","2026-01-14","Senegal",0,1,L,"African Cup of Nations","Away"
"Egypt","2026-01-10","Ivory Coast",3,2,W,"African Cup of Nations","Home"
"Egypt","2026-01-05","Benin",3,1,W,"African Cup of Nations","Home"
"Egypt","2025-12-29","Angola",0,0,D,"African Cup of Nations","Away"
"Egypt","2025-12-26","South Africa",1,0,W,"African Cup of Nations","Home"
"Egypt","2025-12-22","Zimbabwe",2,1,W,"African Cup of Nations","Home"
"Egypt","2025-12-09","Jordan",0,3,L,"Arab Cup","Home"
"Egypt","2025-12-06","United Arab Emirates",1,1,D,"Arab Cup","Away"
"Egypt","2025-12-02","Kuwait",1,1,D,"Arab Cup","Home"
"Egypt","2025-11-17","Cabo Verde",1,1,D,"Al Ain International Cup","Away"
"Ghana","2026-06-02","Wales",1,1,D,"Friendly","Away"
"Ghana","2026-05-22","Mexico",0,2,L,"Friendly","Away"
"Ghana","2026-03-30","Germany",1,2,L,"Friendly","Away"
"Ghana","2026-03-27","Austria",1,5,L,"Friendly","Away"
"Ghana","2025-11-18","South Korea",0,1,L,"Friendly","Away"
"Ghana","2025-11-14","Japan",0,2,L,"Kirin Cup","Away"
"Ghana","2025-10-12","Comoros",1,0,W,"FIFA World Cup qualification","Home"
"Ghana","2025-10-08","Central African Republic",5,0,W,"FIFA World Cup qualification","Away"
"Ghana","2025-09-08","Mali",1,0,W,"FIFA World Cup qualification","Home"
"Ghana","2025-09-04","Chad",1,1,D,"FIFA World Cup qualification","Away"
"Ghana","2025-05-31","Trinidad and Tobago",4,0,W,"Unity Cup","Away"
"Ghana","2025-05-28","Nigeria",1,2,L,"Unity Cup","Away"
"Ghana","2025-03-24","Madagascar",3,0,W,"FIFA World Cup qualification","Away"
"Ghana","2025-03-21","Chad",5,0,W,"FIFA World Cup qualification","Home"
"Ghana","2024-11-18","Niger",1,2,L,"African Cup of Nations qualification","Home"
"Morocco","2026-06-07","Norway",1,1,D,"Friendly","Home"
"Morocco","2026-06-02","Madagascar",4,0,W,"Friendly","Home"
"Morocco","2026-05-26","Burundi",5,0,W,"Friendly","Home"
"Morocco","2026-03-31","Paraguay",2,1,W,"Friendly","Home"
"Morocco","2026-03-27","Ecuador",1,1,D,"Friendly","Home"
"Morocco","2026-01-18","Senegal",3,0,W,"African Cup of Nations","Home"
"Morocco","2026-01-14","Nigeria",0,0,D,"African Cup of Nations","Home"
"Morocco","2026-01-09","Cameroon",2,0,W,"African Cup of Nations","Home"
"Morocco","2026-01-04","Tanzania",1,0,W,"African Cup of Nations","Home"
"Morocco","2025-12-29","Zambia",3,0,W,"African Cup of Nations","Home"
"Morocco","2025-12-26","Mali",1,1,D,"African Cup of Nations","Home"
"Morocco","2025-12-21","Comoros",2,0,W,"African Cup of Nations","Home"
"Morocco","2025-12-18","Jordan",3,2,W,"Arab Cup","Away"
"Morocco","2025-12-15","United Arab Emirates",3,0,W,"Arab Cup","Home"
"Morocco","2025-12-11","Syria",1,0,W,"Arab Cup","Home"
"Senegal","2026-06-09","Saudi Arabia",0,0,D,"Friendly","Away"
"Senegal","2026-05-31","United States",2,3,L,"Friendly","Away"
"Senegal","2026-03-31","Gambia",3,1,W,"Friendly","Home"
"Senegal","2026-03-28","Peru",2,0,W,"Friendly","Home"
"Senegal","2026-01-18","Morocco",0,3,L,"African Cup of Nations","Away"
"Senegal","2026-01-14","Egypt",1,0,W,"African Cup of Nations","Home"
"Senegal","2026-01-09","Mali",1,0,W,"African Cup of Nations","Away"
"Senegal","2026-01-03","Sudan",3,1,W,"African Cup of Nations","Home"
"Senegal","2025-12-30","Benin",3,0,W,"African Cup of Nations","Away"
"Senegal","2025-12-27","DR Congo",1,1,D,"African Cup of Nations","Home"
"Senegal","2025-12-23","Botswana",3,0,W,"African Cup of Nations","Home"
"Senegal","2025-11-18","Kenya",8,0,W,"Friendly","Away"
"Senegal","2025-11-15","Brazil",0,2,L,"Friendly","Away"
"Senegal","2025-10-14","Mauritania",4,0,W,"FIFA World Cup qualification","Home"
"Senegal","2025-10-10","South Sudan",5,0,W,"FIFA World Cup qualification","Away"
"South Africa","2026-06-06","Jamaica",1,0,W,"Friendly","Away"
"South Africa","2026-05-29","Nicaragua",0,0,D,"Friendly","Home"
"South Africa","2026-03-31","Panama",1,2,L,"Friendly","Home"
"South Africa","2026-03-27","Panama",1,1,D,"Friendly","Home"
"South Africa","2026-01-04","Cameroon",1,2,L,"African Cup of Nations","Home"
"South Africa","2025-12-29","Zimbabwe",3,2,W,"African Cup of Nations","Away"
"South Africa","2025-12-26","Egypt",0,1,L,"African Cup of Nations","Away"
"South Africa","2025-12-22","Angola",2,1,W,"African Cup of Nations","Home"
"South Africa","2025-11-15","Zambia",3,1,W,"Friendly","Home"
"South Africa","2025-10-14","Rwanda",3,0,W,"FIFA World Cup qualification","Home"
"South Africa","2025-10-10","Zimbabwe",0,0,D,"FIFA World Cup qualification","Home"
"South Africa","2025-09-09","Nigeria",1,1,D,"FIFA World Cup qualification","Home"
"South Africa","2025-09-05","Lesotho",3,0,W,"FIFA World Cup qualification","Home"
"South Africa","2025-06-10","Mozambique",2,0,W,"Friendly","Home"
"South Africa","2025-06-06","Tanzania",0,0,D,"Friendly","Home"
"Tunisia","2026-06-06","Belgium",0,5,L,"Friendly","Away"
"Tunisia","2026-06-01","Austria",0,1,L,"Friendly","Away"
"Tunisia","2026-03-31","Canada",0,0,D,"Friendly","Away"
"Tunisia","2026-03-28","Haiti",1,0,W,"Friendly","Away"
"Tunisia","2026-01-03","Mali",1,1,D,"African Cup of Nations","Away"
"Tunisia","2025-12-30","Tanzania",1,1,D,"African Cup of Nations","Away"
"Tunisia","2025-12-27","Nigeria",2,3,L,"African Cup of Nations","Away"
"Tunisia","2025-12-23","Uganda",3,1,W,"African Cup of Nations","Home"
"Tunisia","2025-12-07","Qatar",3,0,W,"Arab Cup","Away"
"Tunisia","2025-12-04","Palestine",2,2,D,"Arab Cup","Away"
"Tunisia","2025-12-01","Syria",0,1,L,"Arab Cup","Home"
"Tunisia","2025-11-18","Brazil",1,1,D,"Friendly","Away"
"Tunisia","2025-11-14","Jordan",3,2,W,"Friendly","Home"
"Tunisia","2025-11-12","Mauritania",1,1,D,"Friendly","Home"
"Tunisia","2025-10-13","Namibia",3,0,W,"FIFA World Cup qualification","Home"
"Curaçao","2026-06-06","Aruba",4,0,W,"Friendly","Home"
"Curaçao","2026-05-30","Scotland",1,4,L,"Friendly","Away"
"Curaçao","2026-03-31","Australia",1,5,L,"FIFA Series","Away"
"Curaçao","2026-03-27","China",0,2,L,"FIFA Series","Away"
"Curaçao","2025-11-18","Jamaica",0,0,D,"FIFA World Cup qualification","Away"
"Curaçao","2025-11-13","Bermuda",7,0,W,"FIFA World Cup qualification","Away"
"Curaçao","2025-10-14","Trinidad and Tobago",1,1,D,"FIFA World Cup qualification","Home"
"Curaçao","2025-10-10","Jamaica",2,0,W,"FIFA World Cup qualification","Home"
"Curaçao","2025-09-09","Bermuda",3,2,W,"FIFA World Cup qualification","Home"
"Curaçao","2025-09-05","Trinidad and Tobago",0,0,D,"FIFA World Cup qualification","Away"
"Curaçao","2025-06-24","Honduras",1,2,L,"Gold Cup","Away"
"Curaçao","2025-06-21","Canada",1,1,D,"Gold Cup","Home"
"Curaçao","2025-06-17","El Salvador",0,0,D,"Gold Cup","Home"
"Curaçao","2025-06-10","Haiti",5,1,W,"FIFA World Cup qualification","Away"
"Curaçao","2025-06-06","Saint Lucia",4,0,W,"FIFA World Cup qualification","Home"
"Haiti","2026-06-05","Peru",1,2,L,"Friendly","Home"
"Haiti","2026-06-02","New Zealand",4,0,W,"Friendly","Home"
"Haiti","2026-03-31","Iceland",1,1,D,"Friendly","Home"
"Haiti","2026-03-28","Tunisia",0,1,L,"Friendly","Home"
"Haiti","2025-11-18","Nicaragua",2,0,W,"FIFA World Cup qualification","Home"
"Haiti","2025-11-13","Costa Rica",1,0,W,"FIFA World Cup qualification","Home"
"Haiti","2025-10-13","Honduras",0,3,L,"FIFA World Cup qualification","Away"
"Haiti","2025-10-09","Nicaragua",3,0,W,"FIFA World Cup qualification","Away"
"Haiti","2025-09-09","Costa Rica",3,3,D,"FIFA World Cup qualification","Away"
"Haiti","2025-09-05","Honduras",0,0,D,"FIFA World Cup qualification","Home"
"Haiti","2025-06-22","United States",1,2,L,"Gold Cup","Away"
"Haiti","2025-06-19","Trinidad and Tobago",1,1,D,"Gold Cup","Away"
"Haiti","2025-06-15","Saudi Arabia",0,1,L,"Gold Cup","Home"
"Haiti","2025-06-10","Curaçao",1,5,L,"FIFA World Cup qualification","Home"
"Haiti","2025-06-07","Aruba",5,0,W,"FIFA World Cup qualification","Away"
"Panama","2026-06-06","Bosnia and Herzegovina",1,1,D,"Friendly","Home"
"Panama","2026-06-03","Dominican Republic",4,2,W,"Friendly","Home"
"Panama","2026-05-31","Brazil",2,6,L,"Friendly","Away"
"Panama","2026-03-31","South Africa",2,1,W,"Friendly","Away"
"Panama","2026-03-27","South Africa",1,1,D,"Friendly","Away"
"Panama","2026-01-22","Mexico",0,1,L,"Friendly","Home"
"Panama","2026-01-18","Bolivia",1,1,D,"Friendly","Away"
"Panama","2025-11-18","El Salvador",3,0,W,"FIFA World Cup qualification","Home"
"Panama","2025-11-13","Guatemala",3,2,W,"FIFA World Cup qualification","Away"
"Panama","2025-10-14","Suriname",1,1,D,"FIFA World Cup qualification","Home"
"Panama","2025-10-10","El Salvador",1,0,W,"FIFA World Cup qualification","Away"
"Panama","2025-09-08","Guatemala",1,1,D,"FIFA World Cup qualification","Home"
"Panama","2025-09-04","Suriname",0,0,D,"FIFA World Cup qualification","Away"
"Panama","2025-06-28","Honduras",1,1,D,"Gold Cup","Home"
"Panama","2025-06-24","Jamaica",4,1,W,"Gold Cup","Home"
"Argentina","2026-06-09","Iceland",3,0,W,"Friendly","Home"
"Argentina","2026-06-06","Honduras",2,0,W,"Friendly","Home"
"Argentina","2026-03-31","Zambia",5,0,W,"Friendly","Home"
"Argentina","2026-03-27","Mauritania",2,1,W,"Friendly","Home"
"Argentina","2025-11-14","Angola",2,0,W,"Friendly","Away"
"Argentina","2025-10-14","Puerto Rico",6,0,W,"Friendly","Away"
"Argentina","2025-10-10","Venezuela",1,0,W,"Friendly","Home"
"Argentina","2025-09-09","Ecuador",0,1,L,"FIFA World Cup qualification","Away"
"Argentina","2025-09-04","Venezuela",3,0,W,"FIFA World Cup qualification","Home"
"Argentina","2025-06-10","Colombia",1,1,D,"FIFA World Cup qualification","Home"
"Argentina","2025-06-05","Chile",1,0,W,"FIFA World Cup qualification","Away"
"Argentina","2025-03-25","Brazil",4,1,W,"FIFA World Cup qualification","Home"
"Argentina","2025-03-21","Uruguay",1,0,W,"FIFA World Cup qualification","Away"
"Argentina","2024-11-19","Peru",1,0,W,"FIFA World Cup qualification","Home"
"Argentina","2024-11-14","Paraguay",1,2,L,"FIFA World Cup qualification","Away"
"Brazil","2026-06-06","Egypt",2,1,W,"Friendly","Home"
"Brazil","2026-05-31","Panama",6,2,W,"Friendly","Home"
"Brazil","2026-03-31","Croatia",3,1,W,"Friendly","Home"
"Brazil","2026-03-26","France",1,2,L,"Friendly","Home"
"Brazil","2025-11-18","Tunisia",1,1,D,"Friendly","Home"
"Brazil","2025-11-15","Senegal",2,0,W,"Friendly","Home"
"Brazil","2025-10-14","Japan",2,3,L,"Kirin Cup","Away"
"Brazil","2025-10-10","South Korea",5,0,W,"Friendly","Away"
"Brazil","2025-09-09","Bolivia",0,1,L,"FIFA World Cup qualification","Away"
"Brazil","2025-09-04","Chile",3,0,W,"FIFA World Cup qualification","Home"
"Brazil","2025-06-10","Paraguay",1,0,W,"FIFA World Cup qualification","Home"
"Brazil","2025-06-05","Ecuador",0,0,D,"FIFA World Cup qualification","Away"
"Brazil","2025-03-25","Argentina",1,4,L,"FIFA World Cup qualification","Away"
"Brazil","2025-03-20","Colombia",2,1,W,"FIFA World Cup qualification","Home"
"Brazil","2024-11-19","Uruguay",1,1,D,"FIFA World Cup qualification","Home"
"Colombia","2026-06-07","Jordan",2,0,W,"Friendly","Away"
"Colombia","2026-06-01","Costa Rica",3,1,W,"Friendly","Home"
"Colombia","2026-03-29","France",1,3,L,"Friendly","Home"
"Colombia","2026-03-26","Croatia",1,2,L,"Friendly","Home"
"Colombia","2025-11-18","Australia",3,0,W,"Friendly","Home"
"Colombia","2025-11-15","New Zealand",2,1,W,"Friendly","Home"
"Colombia","2025-10-14","Canada",0,0,D,"Friendly","Away"
"Colombia","2025-10-11","Mexico",4,0,W,"Friendly","Away"
"Colombia","2025-09-09","Venezuela",6,3,W,"FIFA World Cup qualification","Away"
"Colombia","2025-09-04","Bolivia",3,0,W,"FIFA World Cup qualification","Home"
"Colombia","2025-06-10","Argentina",1,1,D,"FIFA World Cup qualification","Away"
"Colombia","2025-06-06","Peru",0,0,D,"FIFA World Cup qualification","Home"
"Colombia","2025-03-25","Paraguay",2,2,D,"FIFA World Cup qualification","Home"
"Colombia","2025-03-20","Brazil",1,2,L,"FIFA World Cup qualification","Away"
"Colombia","2024-11-19","Ecuador",0,1,L,"FIFA World Cup qualification","Home"
"Ecuador","2026-06-07","Guatemala",3,0,W,"Friendly","Home"
"Ecuador","2026-05-30","Saudi Arabia",2,1,W,"Friendly","Home"
"Ecuador","2026-03-31","Netherlands",1,1,D,"Friendly","Away"
"Ecuador","2026-03-27","Morocco",1,1,D,"Friendly","Away"
"Ecuador","2025-11-18","New Zealand",2,0,W,"Friendly","Home"
"Ecuador","2025-11-13","Canada",0,0,D,"Friendly","Away"
"Ecuador","2025-10-14","Mexico",1,1,D,"Friendly","Away"
"Ecuador","2025-10-10","United States",1,1,D,"Friendly","Away"
"Ecuador","2025-09-09","Argentina",1,0,W,"FIFA World Cup qualification","Home"
"Ecuador","2025-09-04","Paraguay",0,0,D,"FIFA World Cup qualification","Away"
"Ecuador","2025-06-10","Peru",0,0,D,"FIFA World Cup qualification","Away"
"Ecuador","2025-06-05","Brazil",0,0,D,"FIFA World Cup qualification","Home"
"Ecuador","2025-03-25","Chile",0,0,D,"FIFA World Cup qualification","Away"
"Ecuador","2025-03-21","Venezuela",2,1,W,"FIFA World Cup qualification","Home"
"Ecuador","2024-11-19","Colombia",1,0,W,"FIFA World Cup qualification","Away"
"Paraguay","2026-06-05","Nicaragua",4,0,W,"Friendly","Home"
"Paraguay","2026-03-31","Morocco",1,2,L,"Friendly","Away"
"Paraguay","2026-03-27","Greece",1,0,W,"Friendly","Away"
"Paraguay","2025-11-18","Mexico",2,1,W,"Friendly","Away"
"Paraguay","2025-11-15","United States",1,2,L,"Friendly","Away"
"Paraguay","2025-10-14","South Korea",0,2,L,"Friendly","Away"
"Paraguay","2025-10-10","Japan",2,2,D,"Kirin Cup","Away"
"Paraguay","2025-09-09","Peru",1,0,W,"FIFA World Cup qualification","Away"
"Paraguay","2025-09-04","Ecuador",0,0,D,"FIFA World Cup qualification","Home"
"Paraguay","2025-06-10","Brazil",0,1,L,"FIFA World Cup qualification","Away"
"Paraguay","2025-06-05","Uruguay",2,0,W,"FIFA World Cup qualification","Home"
"Paraguay","2025-03-25","Colombia",2,2,D,"FIFA World Cup qualification","Away"
"Paraguay","2025-03-20","Chile",1,0,W,"FIFA World Cup qualification","Home"
"Paraguay","2024-11-19","Bolivia",2,2,D,"FIFA World Cup qualification","Away"
"Paraguay","2024-11-14","Argentina",2,1,W,"FIFA World Cup qualification","Home"
"Uruguay","2026-03-31","Algeria",0,0,D,"Friendly","Away"
"Uruguay","2026-03-27","England",1,1,D,"Friendly","Away"
"Uruguay","2025-11-18","United States",1,5,L,"Friendly","Away"
"Uruguay","2025-11-15","Mexico",0,0,D,"Friendly","Away"
"Uruguay","2025-10-13","Uzbekistan",2,1,W,"Friendly","Away"
"Uruguay","2025-10-10","Dominican Republic",1,0,W,"Friendly","Home"
"Uruguay","2025-09-09","Chile",0,0,D,"FIFA World Cup qualification","Away"
"Uruguay","2025-09-04","Peru",3,0,W,"FIFA World Cup qualification","Home"
"Uruguay","2025-06-10","Venezuela",2,0,W,"FIFA World Cup qualification","Home"
"Uruguay","2025-06-05","Paraguay",0,2,L,"FIFA World Cup qualification","Away"
"Uruguay","2025-03-25","Bolivia",0,0,D,"FIFA World Cup qualification","Away"
"Uruguay","2025-03-21","Argentina",0,1,L,"FIFA World Cup qualification","Home"
"Uruguay","2024-11-19","Brazil",1,1,D,"FIFA World Cup qualification","Away"
"Uruguay","2024-11-15","Colombia",3,2,W,"FIFA World Cup qualification","Home"
"Uruguay","2024-10-15","Ecuador",0,0,D,"FIFA World Cup qualification","Home"
"New Zealand","2026-06-06","England",0,1,L,"Friendly","Away"
"New Zealand","2026-06-02","Haiti",0,4,L,"Friendly","Away"
"New Zealand","2026-03-30","Chile",4,1,W,"FIFA Series","Home"
"New Zealand","2026-03-27","Finland",0,2,L,"FIFA Series","Home"
"New Zealand","2025-11-18","Ecuador",0,2,L,"Friendly","Away"
"New Zealand","2025-11-15","Colombia",1,2,L,"Friendly","Away"
"New Zealand","2025-10-14","Norway",1,1,D,"Friendly","Away"
"New Zealand","2025-10-09","Poland",0,1,L,"Friendly","Away"
"New Zealand","2025-09-09","Australia",1,3,L,"Soccer Ashes","Home"
"New Zealand","2025-09-05","Australia",0,1,L,"Soccer Ashes","Away"
"New Zealand","2025-06-10","Ukraine",1,2,L,"Canadian Shield","Home"
"New Zealand","2025-06-07","Ivory Coast",1,0,W,"Canadian Shield","Away"
"New Zealand","2025-03-24","New Caledonia",3,0,W,"FIFA World Cup qualification","Home"
"New Zealand","2025-03-21","Fiji",7,0,W,"FIFA World Cup qualification","Home"
"New Zealand","2024-11-18","Samoa",8,0,W,"FIFA World Cup qualification","Home"
"Austria","2026-06-01","Tunisia",1,0,W,"Friendly","Home"
"Austria","2026-03-31","South Korea",1,0,W,"Friendly","Home"
"Austria","2026-03-27","Ghana",5,1,W,"Friendly","Home"
"Austria","2025-11-18","Bosnia and Herzegovina",1,1,D,"FIFA World Cup qualification","Home"
"Austria","2025-11-15","Cyprus",2,0,W,"FIFA World Cup qualification","Away"
"Austria","2025-10-12","Romania",0,1,L,"FIFA World Cup qualification","Away"
"Austria","2025-10-09","San Marino",10,0,W,"FIFA World Cup qualification","Home"
"Austria","2025-09-09","Bosnia and Herzegovina",2,1,W,"FIFA World Cup qualification","Away"
"Austria","2025-09-06","Cyprus",1,0,W,"FIFA World Cup qualification","Home"
"Austria","2025-06-10","San Marino",4,0,W,"FIFA World Cup qualification","Away"
"Austria","2025-06-07","Romania",2,1,W,"FIFA World Cup qualification","Home"
"Austria","2025-03-23","Serbia",0,2,L,"UEFA Nations League","Away"
"Austria","2025-03-20","Serbia",1,1,D,"UEFA Nations League","Home"
"Austria","2024-11-17","Slovenia",1,1,D,"UEFA Nations League","Home"
"Austria","2024-11-14","Kazakhstan",2,0,W,"UEFA Nations League","Away"
"Belgium","2026-06-06","Tunisia",5,0,W,"Friendly","Home"
"Belgium","2026-06-02","Croatia",2,0,W,"Friendly","Away"
"Belgium","2026-03-31","Mexico",1,1,D,"Friendly","Away"
"Belgium","2026-03-28","United States",5,2,W,"Friendly","Away"
"Belgium","2025-11-18","Liechtenstein",7,0,W,"FIFA World Cup qualification","Home"
"Belgium","2025-11-15","Kazakhstan",1,1,D,"FIFA World Cup qualification","Away"
"Belgium","2025-10-13","Wales",4,2,W,"FIFA World Cup qualification","Away"
"Belgium","2025-10-10","North Macedonia",0,0,D,"FIFA World Cup qualification","Home"
"Belgium","2025-09-07","Kazakhstan",6,0,W,"FIFA World Cup qualification","Home"
"Belgium","2025-09-04","Liechtenstein",6,0,W,"FIFA World Cup qualification","Away"
"Belgium","2025-06-09","Wales",4,3,W,"FIFA World Cup qualification","Home"
"Belgium","2025-06-06","North Macedonia",1,1,D,"FIFA World Cup qualification","Away"
"Belgium","2025-03-23","Ukraine",3,0,W,"UEFA Nations League","Home"
"Belgium","2025-03-20","Ukraine",1,3,L,"UEFA Nations League","Away"
"Belgium","2024-11-17","Israel",0,1,L,"UEFA Nations League","Away"
"Bosnia and Herzegovina","2026-06-06","Panama",1,1,D,"Friendly","Away"
"Bosnia and Herzegovina","2026-05-29","North Macedonia",0,0,D,"Friendly","Home"
"Bosnia and Herzegovina","2026-03-31","Italy",1,1,D,"FIFA World Cup qualification","Home"
"Bosnia and Herzegovina","2026-03-26","Wales",1,1,D,"FIFA World Cup qualification","Away"
"Bosnia and Herzegovina","2025-11-18","Austria",1,1,D,"FIFA World Cup qualification","Away"
"Bosnia and Herzegovina","2025-11-15","Romania",3,1,W,"FIFA World Cup qualification","Home"
"Bosnia and Herzegovina","2025-10-12","Malta",4,1,W,"Friendly","Away"
"Bosnia and Herzegovina","2025-10-09","Cyprus",2,2,D,"FIFA World Cup qualification","Away"
"Bosnia and Herzegovina","2025-09-09","Austria",1,2,L,"FIFA World Cup qualification","Home"
"Bosnia and Herzegovina","2025-09-06","San Marino",6,0,W,"FIFA World Cup qualification","Away"
"Bosnia and Herzegovina","2025-06-10","Slovenia",1,2,L,"Friendly","Away"
"Bosnia and Herzegovina","2025-06-07","San Marino",1,0,W,"FIFA World Cup qualification","Home"
"Bosnia and Herzegovina","2025-03-24","Cyprus",2,1,W,"FIFA World Cup qualification","Home"
"Bosnia and Herzegovina","2025-03-21","Romania",1,0,W,"FIFA World Cup qualification","Away"
"Bosnia and Herzegovina","2024-11-19","Netherlands",1,1,D,"UEFA Nations League","Home"
"Croatia","2026-06-07","Slovenia",2,1,W,"Friendly","Home"
"Croatia","2026-06-02","Belgium",0,2,L,"Friendly","Home"
"Croatia","2026-03-31","Brazil",1,3,L,"Friendly","Away"
"Croatia","2026-03-26","Colombia",2,1,W,"Friendly","Away"
"Croatia","2025-11-17","Montenegro",3,2,W,"FIFA World Cup qualification","Away"
"Croatia","2025-11-14","Faroe Islands",3,1,W,"FIFA World Cup qualification","Home"
"Croatia","2025-10-12","Gibraltar",3,0,W,"FIFA World Cup qualification","Home"
"Croatia","2025-10-09","Czech Republic",0,0,D,"FIFA World Cup qualification","Away"
"Croatia","2025-09-08","Montenegro",4,0,W,"FIFA World Cup qualification","Home"
"Croatia","2025-09-05","Faroe Islands",1,0,W,"FIFA World Cup qualification","Away"
"Croatia","2025-06-09","Czech Republic",5,1,W,"FIFA World Cup qualification","Home"
"Croatia","2025-06-06","Gibraltar",7,0,W,"FIFA World Cup qualification","Away"
"Croatia","2025-03-23","France",0,2,L,"UEFA Nations League","Away"
"Croatia","2025-03-20","France",2,0,W,"UEFA Nations League","Home"
"Croatia","2024-11-18","Portugal",1,1,D,"UEFA Nations League","Home"
"Czech Republic","2026-06-04","Guatemala",5,1,W,"Friendly","Away"
"Czech Republic","2026-05-31","Kosovo",2,1,W,"Friendly","Home"
"Czech Republic","2026-03-31","Denmark",2,2,D,"FIFA World Cup qualification","Home"
"Czech Republic","2026-03-26","Republic of Ireland",2,2,D,"FIFA World Cup qualification","Home"
"Czech Republic","2025-11-17","Gibraltar",6,0,W,"FIFA World Cup qualification","Home"
"Czech Republic","2025-11-13","San Marino",1,0,W,"Friendly","Home"
"Czech Republic","2025-10-12","Faroe Islands",1,2,L,"FIFA World Cup qualification","Away"
"Czech Republic","2025-10-09","Croatia",0,0,D,"FIFA World Cup qualification","Home"
"Czech Republic","2025-09-08","Saudi Arabia",1,1,D,"Friendly","Home"
"Czech Republic","2025-09-05","Montenegro",2,0,W,"FIFA World Cup qualification","Away"
"Czech Republic","2025-06-09","Croatia",1,5,L,"FIFA World Cup qualification","Away"
"Czech Republic","2025-06-06","Montenegro",2,0,W,"FIFA World Cup qualification","Home"
"Czech Republic","2025-03-25","Gibraltar",4,0,W,"FIFA World Cup qualification","Away"
"Czech Republic","2025-03-22","Faroe Islands",2,1,W,"FIFA World Cup qualification","Home"
"Czech Republic","2024-11-19","Georgia",2,1,W,"UEFA Nations League","Home"
"England","2026-06-10","Costa Rica",3,0,W,"Friendly","Home"
"England","2026-06-06","New Zealand",1,0,W,"Friendly","Home"
"England","2026-03-31","Japan",0,1,L,"Friendly","Home"
"England","2026-03-27","Uruguay",1,1,D,"Friendly","Home"
"England","2025-11-16","Albania",2,0,W,"FIFA World Cup qualification","Away"
"England","2025-11-13","Serbia",2,0,W,"FIFA World Cup qualification","Home"
"England","2025-10-14","Latvia",5,0,W,"FIFA World Cup qualification","Away"
"England","2025-10-09","Wales",3,0,W,"Friendly","Home"
"England","2025-09-09","Serbia",5,0,W,"FIFA World Cup qualification","Away"
"England","2025-09-06","Andorra",2,0,W,"FIFA World Cup qualification","Home"
"England","2025-06-10","Senegal",1,3,L,"Friendly","Home"
"England","2025-06-07","Andorra",1,0,W,"FIFA World Cup qualification","Away"
"England","2025-03-24","Latvia",3,0,W,"FIFA World Cup qualification","Home"
"England","2025-03-21","Albania",2,0,W,"FIFA World Cup qualification","Home"
"England","2024-11-17","Republic of Ireland",5,0,W,"UEFA Nations League","Home"
"France","2026-06-08","Northern Ireland",3,1,W,"Friendly","Home"
"France","2026-06-04","Ivory Coast",1,2,L,"Friendly","Home"
"France","2026-03-29","Colombia",3,1,W,"Friendly","Away"
"France","2026-03-26","Brazil",2,1,W,"Friendly","Away"
"France","2025-11-16","Azerbaijan",3,1,W,"FIFA World Cup qualification","Away"
"France","2025-11-13","Ukraine",4,0,W,"FIFA World Cup qualification","Home"
"France","2025-10-13","Iceland",2,2,D,"FIFA World Cup qualification","Away"
"France","2025-10-10","Azerbaijan",3,0,W,"FIFA World Cup qualification","Home"
"France","2025-09-09","Iceland",2,1,W,"FIFA World Cup qualification","Home"
"France","2025-09-05","Ukraine",2,0,W,"FIFA World Cup qualification","Away"
"France","2025-06-08","Germany",2,0,W,"UEFA Nations League","Away"
"France","2025-06-05","Spain",4,5,L,"UEFA Nations League","Away"
"France","2025-03-23","Croatia",2,0,W,"UEFA Nations League","Home"
"France","2025-03-20","Croatia",0,2,L,"UEFA Nations League","Away"
"France","2024-11-17","Italy",3,1,W,"UEFA Nations League","Away"
"Germany","2026-06-06","United States",2,1,W,"Friendly","Away"
"Germany","2026-05-31","Finland",4,0,W,"Friendly","Home"
"Germany","2026-03-30","Ghana",2,1,W,"Friendly","Home"
"Germany","2026-03-27","Switzerland",4,3,W,"Friendly","Away"
"Germany","2025-11-17","Slovakia",6,0,W,"FIFA World Cup qualification","Home"
"Germany","2025-11-14","Luxembourg",2,0,W,"FIFA World Cup qualification","Away"
"Germany","2025-10-13","Northern Ireland",1,0,W,"FIFA World Cup qualification","Away"
"Germany","2025-10-10","Luxembourg",4,0,W,"FIFA World Cup qualification","Home"
"Germany","2025-09-07","Northern Ireland",3,1,W,"FIFA World Cup qualification","Home"
"Germany","2025-09-04","Slovakia",0,2,L,"FIFA World Cup qualification","Away"
"Germany","2025-06-08","France",0,2,L,"UEFA Nations League","Home"
"Germany","2025-06-04","Portugal",1,2,L,"UEFA Nations League","Home"
"Germany","2025-03-23","Italy",3,3,D,"UEFA Nations League","Home"
"Germany","2025-03-20","Italy",2,1,W,"UEFA Nations League","Away"
"Germany","2024-11-19","Hungary",1,1,D,"UEFA Nations League","Away"
"Netherlands","2026-06-08","Uzbekistan",2,1,W,"Friendly","Home"
"Netherlands","2026-06-03","Algeria",0,1,L,"Friendly","Home"
"Netherlands","2026-03-31","Ecuador",1,1,D,"Friendly","Home"
"Netherlands","2026-03-27","Norway",2,1,W,"Friendly","Home"
"Netherlands","2025-11-17","Lithuania",4,0,W,"FIFA World Cup qualification","Home"
"Netherlands","2025-11-14","Poland",1,1,D,"FIFA World Cup qualification","Away"
"Netherlands","2025-10-12","Finland",4,0,W,"FIFA World Cup qualification","Home"
"Netherlands","2025-10-09","Malta",4,0,W,"FIFA World Cup qualification","Away"
"Netherlands","2025-09-07","Lithuania",3,2,W,"FIFA World Cup qualification","Away"
"Netherlands","2025-09-04","Poland",1,1,D,"FIFA World Cup qualification","Home"
"Netherlands","2025-06-10","Malta",8,0,W,"FIFA World Cup qualification","Home"
"Netherlands","2025-06-07","Finland",2,0,W,"FIFA World Cup qualification","Away"
"Netherlands","2025-03-23","Spain",3,3,D,"UEFA Nations League","Away"
"Netherlands","2025-03-20","Spain",2,2,D,"UEFA Nations League","Home"
"Netherlands","2024-11-19","Bosnia and Herzegovina",1,1,D,"UEFA Nations League","Away"
"Norway","2026-06-07","Morocco",1,1,D,"Friendly","Away"
"Norway","2026-06-01","Sweden",3,1,W,"Friendly","Home"
"Norway","2026-03-31","Switzerland",0,0,D,"Friendly","Home"
"Norway","2026-03-27","Netherlands",1,2,L,"Friendly","Away"
"Norway","2025-11-16","Italy",4,1,W,"FIFA World Cup qualification","Away"
"Norway","2025-11-13","Estonia",4,1,W,"FIFA World Cup qualification","Home"
"Norway","2025-10-14","New Zealand",1,1,D,"Friendly","Home"
"Norway","2025-10-11","Israel",5,0,W,"FIFA World Cup qualification","Home"
"Norway","2025-09-09","Moldova",11,1,W,"FIFA World Cup qualification","Home"
"Norway","2025-09-04","Finland",1,0,W,"Friendly","Home"
"Norway","2025-06-09","Estonia",1,0,W,"FIFA World Cup qualification","Away"
"Norway","2025-06-06","Italy",3,0,W,"FIFA World Cup qualification","Home"
"Norway","2025-03-25","Israel",4,2,W,"FIFA World Cup qualification","Away"
"Norway","2025-03-22","Moldova",5,0,W,"FIFA World Cup qualification","Away"
"Norway","2024-11-17","Kazakhstan",5,0,W,"UEFA Nations League","Home"
"Portugal","2026-06-10","Nigeria",2,1,W,"Friendly","Home"
"Portugal","2026-06-06","Chile",2,1,W,"Friendly","Home"
"Portugal","2026-03-31","United States",2,0,W,"Friendly","Away"
"Portugal","2026-03-28","Mexico",0,0,D,"Friendly","Away"
"Portugal","2025-11-16","Armenia",9,1,W,"FIFA World Cup qualification","Home"
"Portugal","2025-11-13","Republic of Ireland",0,2,L,"FIFA World Cup qualification","Away"
"Portugal","2025-10-14","Hungary",2,2,D,"FIFA World Cup qualification","Home"
"Portugal","2025-10-11","Republic of Ireland",1,0,W,"FIFA World Cup qualification","Home"
"Portugal","2025-09-09","Hungary",3,2,W,"FIFA World Cup qualification","Away"
"Portugal","2025-09-06","Armenia",5,0,W,"FIFA World Cup qualification","Away"
"Portugal","2025-06-08","Spain",2,2,D,"UEFA Nations League","Home"
"Portugal","2025-06-04","Germany",2,1,W,"UEFA Nations League","Away"
"Portugal","2025-03-23","Denmark",5,2,W,"UEFA Nations League","Home"
"Portugal","2025-03-20","Denmark",0,1,L,"UEFA Nations League","Away"
"Portugal","2024-11-18","Croatia",1,1,D,"UEFA Nations League","Away"
"Scotland","2026-06-06","Bolivia",4,0,W,"Friendly","Away"
"Scotland","2026-05-30","Curaçao",4,1,W,"Friendly","Home"
"Scotland","2026-03-31","Ivory Coast",0,1,L,"Friendly","Away"
"Scotland","2026-03-28","Japan",0,1,L,"Friendly","Home"
"Scotland","2025-11-18","Denmark",4,2,W,"FIFA World Cup qualification","Home"
"Scotland","2025-11-15","Greece",2,3,L,"FIFA World Cup qualification","Away"
"Scotland","2025-10-12","Belarus",2,1,W,"FIFA World Cup qualification","Home"
"Scotland","2025-10-09","Greece",3,1,W,"FIFA World Cup qualification","Home"
"Scotland","2025-09-08","Belarus",2,0,W,"FIFA World Cup qualification","Away"
"Scotland","2025-09-05","Denmark",0,0,D,"FIFA World Cup qualification","Away"
"Scotland","2025-06-09","Liechtenstein",4,0,W,"Friendly","Away"
"Scotland","2025-06-06","Iceland",1,3,L,"Friendly","Home"
"Scotland","2025-03-23","Greece",0,3,L,"UEFA Nations League","Home"
"Scotland","2025-03-20","Greece",1,0,W,"UEFA Nations League","Away"
"Scotland","2024-11-18","Poland",2,1,W,"UEFA Nations League","Away"
"Spain","2026-06-08","Peru",3,1,W,"Friendly","Away"
"Spain","2026-06-04","Iraq",1,1,D,"Friendly","Home"
"Spain","2026-03-31","Egypt",0,0,D,"Friendly","Home"
"Spain","2026-03-27","Serbia",3,0,W,"Friendly","Home"
"Spain","2025-11-18","Turkey",2,2,D,"FIFA World Cup qualification","Home"
"Spain","2025-11-15","Georgia",4,0,W,"FIFA World Cup qualification","Away"
"Spain","2025-10-14","Bulgaria",4,0,W,"FIFA World Cup qualification","Home"
"Spain","2025-10-11","Georgia",2,0,W,"FIFA World Cup qualification","Home"
"Spain","2025-09-07","Turkey",6,0,W,"FIFA World Cup qualification","Away"
"Spain","2025-09-04","Bulgaria",3,0,W,"FIFA World Cup qualification","Away"
"Spain","2025-06-08","Portugal",2,2,D,"UEFA Nations League","Away"
"Spain","2025-06-05","France",5,4,W,"UEFA Nations League","Home"
"Spain","2025-03-23","Netherlands",3,3,D,"UEFA Nations League","Home"
"Spain","2025-03-20","Netherlands",2,2,D,"UEFA Nations League","Away"
"Spain","2024-11-18","Switzerland",3,2,W,"UEFA Nations League","Home"
"Sweden","2026-06-04","Greece",2,2,D,"Friendly","Home"
"Sweden","2026-06-01","Norway",1,3,L,"Friendly","Away"
"Sweden","2026-03-31","Poland",3,2,W,"FIFA World Cup qualification","Home"
"Sweden","2026-03-26","Ukraine",3,1,W,"FIFA World Cup qualification","Away"
"Sweden","2025-11-18","Slovenia",1,1,D,"FIFA World Cup qualification","Home"
"Sweden","2025-11-15","Switzerland",1,4,L,"FIFA World Cup qualification","Away"
"Sweden","2025-10-13","Kosovo",0,1,L,"FIFA World Cup qualification","Home"
"Sweden","2025-10-10","Switzerland",0,2,L,"FIFA World Cup qualification","Home"
"Sweden","2025-09-08","Kosovo",0,2,L,"FIFA World Cup qualification","Away"
"Sweden","2025-09-05","Slovenia",2,2,D,"FIFA World Cup qualification","Away"
"Sweden","2025-06-10","Algeria",4,3,W,"Friendly","Home"
"Sweden","2025-06-06","Hungary",2,0,W,"Friendly","Away"
"Sweden","2025-03-25","Northern Ireland",5,1,W,"Friendly","Home"
"Sweden","2025-03-22","Luxembourg",0,1,L,"Friendly","Away"
"Sweden","2024-11-19","Azerbaijan",6,0,W,"UEFA Nations League","Home"
"Switzerland","2026-06-06","Australia",1,1,D,"Friendly","Away"
"Switzerland","2026-05-31","Jordan",4,1,W,"Friendly","Home"
"Switzerland","2026-03-31","Norway",0,0,D,"Friendly","Away"
"Switzerland","2026-03-27","Germany",3,4,L,"Friendly","Home"
"Switzerland","2025-11-18","Kosovo",1,1,D,"FIFA World Cup qualification","Away"
"Switzerland","2025-11-15","Sweden",4,1,W,"FIFA World Cup qualification","Home"
"Switzerland","2025-10-13","Slovenia",0,0,D,"FIFA World Cup qualification","Away"
"Switzerland","2025-10-10","Sweden",2,0,W,"FIFA World Cup qualification","Away"
"Switzerland","2025-09-08","Slovenia",3,0,W,"FIFA World Cup qualification","Home"
"Switzerland","2025-09-05","Kosovo",4,0,W,"FIFA World Cup qualification","Home"
"Switzerland","2025-06-10","United States",4,0,W,"Friendly","Away"
"Switzerland","2025-06-07","Mexico",4,2,W,"Friendly","Away"
"Switzerland","2025-03-25","Luxembourg",3,1,W,"Friendly","Home"
"Switzerland","2025-03-21","Northern Ireland",1,1,D,"Friendly","Away"
"Switzerland","2024-11-18","Spain",2,3,L,"UEFA Nations League","Away"
"Turkey","2026-06-06","Venezuela",2,1,W,"Friendly","Away"
"Turkey","2026-06-01","North Macedonia",4,0,W,"Friendly","Home"
"Turkey","2026-03-31","Kosovo",1,0,W,"FIFA World Cup qualification","Away"
"Turkey","2026-03-26","Romania",1,0,W,"FIFA World Cup qualification","Home"
"Turkey","2025-11-18","Spain",2,2,D,"FIFA World Cup qualification","Away"
"Turkey","2025-11-15","Bulgaria",2,0,W,"FIFA World Cup qualification","Home"
"Turkey","2025-10-14","Georgia",4,1,W,"FIFA World Cup qualification","Home"
"Turkey","2025-10-11","Bulgaria",6,1,W,"FIFA World Cup qualification","Away"
"Turkey","2025-09-07","Spain",0,6,L,"FIFA World Cup qualification","Home"
"Turkey","2025-09-04","Georgia",3,2,W,"FIFA World Cup qualification","Away"
"Turkey","2025-06-10","Mexico",0,1,L,"Friendly","Away"
"Turkey","2025-06-07","United States",2,1,W,"Friendly","Away"
"Turkey","2025-03-23","Hungary",3,0,W,"UEFA Nations League","Away"
"Turkey","2025-03-20","Hungary",3,1,W,"UEFA Nations League","Home"
"Turkey","2024-11-19","Montenegro",1,3,L,"UEFA Nations League","Away"
